46.56.237.173, BY, 2020-01-23 19:53:27, 1, country, Windows, Mozilla/5.0 (Windows NT 10.0; Win64; x64) AppleWebKit/537.36 (KHTML  like Gecko) Chrome/79.0.3945.130 Safari/537.36,  
103.120.66.52, , 2020-01-23 19:54:30, 1, country, Windows, Mozilla/5.0 (Windows NT 10.0; Win64; x64) AppleWebKit/537.36 (KHTML  like Gecko) Chrome/79.0.3945.130 Safari/537.36,  
103.120.66.52, , 2020-01-23 19:54:56, 1, country, Windows, Mozilla/5.0 (Windows NT 10.0; Win64; x64) AppleWebKit/537.36 (KHTML  like Gecko) Chrome/79.0.3945.130 Safari/537.36,  
103.120.66.52, , 2020-01-23 19:54:58, 1, country, Windows, Mozilla/5.0 (Windows NT 10.0; Win64; x64) AppleWebKit/537.36 (KHTML  like Gecko) Chrome/79.0.3945.130 Safari/537.36,  
103.120.66.52, , 2020-01-23 19:54:59, 1, country, Windows, Mozilla/5.0 (Windows NT 10.0; Win64; x64) AppleWebKit/537.36 (KHTML  like Gecko) Chrome/79.0.3945.130 Safari/537.36,  
103.120.66.52, , 2020-01-23 19:55:01, 1, country, Windows, Mozilla/5.0 (Windows NT 10.0; Win64; x64) AppleWebKit/537.36 (KHTML  like Gecko) Chrome/79.0.3945.130 Safari/537.36,  
103.120.66.52, , 2020-01-23 19:57:48, 1, country, Windows, Mozilla/5.0 (Windows NT 10.0; Win64; x64) AppleWebKit/537.36 (KHTML  like Gecko) Chrome/79.0.3945.130 Safari/537.36,  
103.120.66.52, , 2020-01-23 19:58:38, 1, country, Windows, Mozilla/5.0 (Windows NT 10.0; Win64; x64) AppleWebKit/537.36 (KHTML  like Gecko) Chrome/79.0.3945.130 Safari/537.36,  
46.56.237.173, BY, 2020-01-23 19:59:16, 0, , Windows, Mozilla/5.0 (Windows NT 10.0; Win64; x64) AppleWebKit/537.36 (KHTML  like Gecko) Chrome/79.0.3945.130 Safari/537.36,  
103.120.66.52, , 2020-01-23 20:00:26, 1, country, Windows, Mozilla/5.0 (Windows NT 10.0; Win64; x64) AppleWebKit/537.36 (KHTML  like Gecko) Chrome/79.0.3945.130 Safari/537.36,  
89.46.102.116, RO, 2020-01-23 20:01:50, 0, , Windows, Mozilla/5.0 (Windows NT 10.0; Win64; x64) AppleWebKit/537.36 (KHTML  like Gecko) Chrome/79.0.3945.130 Safari/537.36,  
103.60.9.76, ID, 2020-01-23 20:02:33, 1, country, Windows, Mozilla/5.0 (Windows NT 10.0; Win64; x64) AppleWebKit/537.36 (KHTML  like Gecko) Chrome/79.0.3945.130 Safari/537.36,  
46.56.237.173, BY, 2020-01-23 20:04:23, 1, country, Android, Mozilla/5.0 (Linux; Android 9; Redmi Note 6 Pro) AppleWebKit/537.36 (KHTML  like Gecko) Chrome/79.0.3945.116 Mobile Safari/537.36,  
103.120.66.76, , 2020-01-23 20:08:20, 1, country, Android, Mozilla/5.0 (Linux; U; Android 9; id-id; Redmi Note 6 Pro Build/PKQ1.180904.001) AppleWebKit/537.36 (KHTML  like Gecko) Version/4.0 Chrome/71.0.3578.141 Mobile Safari/537.36 XiaoMi/MiuiBrowser/11.3.4-g,  
103.120.66.76, , 2020-01-23 20:09:37, 1, country, Android, Mozilla/5.0 (Linux; Android 9; Redmi Note 6 Pro) AppleWebKit/537.36 (KHTML  like Gecko) Chrome/79.0.3945.116 Mobile Safari/537.36,  
46.56.237.173, BY, 2020-01-23 20:17:38, 1, country, Windows, Mozilla/5.0 (Windows NT 10.0; Win64; x64) AppleWebKit/537.36 (KHTML  like Gecko) Chrome/79.0.3945.130 Safari/537.36,  
46.56.237.173, BY, 2020-01-23 20:17:54, 1, country, Windows, Mozilla/5.0 (Windows NT 10.0; Win64; x64) AppleWebKit/537.36 (KHTML  like Gecko) Chrome/79.0.3945.130 Safari/537.36,  
46.56.237.173, BY, 2020-01-23 20:19:08, 1, country, Windows, Mozilla/5.0 (Windows NT 10.0; Win64; x64) AppleWebKit/537.36 (KHTML  like Gecko) Chrome/79.0.3945.130 Safari/537.36,  
46.56.237.173, BY, 2020-01-23 20:19:28, 1, country, Windows, Mozilla/5.0 (Windows NT 10.0; Win64; x64) AppleWebKit/537.36 (KHTML  like Gecko) Chrome/79.0.3945.130 Safari/537.36,  
46.56.237.173, BY, 2020-01-23 20:19:48, 1, country, Windows, Mozilla/5.0 (Windows NT 10.0; Win64; x64) AppleWebKit/537.36 (KHTML  like Gecko) Chrome/79.0.3945.130 Safari/537.36,  
103.120.66.68, , 2020-01-23 20:20:39, 1, country, Windows, Mozilla/5.0 (Windows NT 10.0; Win64; x64) AppleWebKit/537.36 (KHTML  like Gecko) Chrome/79.0.3945.130 Safari/537.36,  
89.40.71.244, RO, 2020-01-23 20:22:07, 0, , Windows, Mozilla/5.0 (Windows NT 10.0; Win64; x64) AppleWebKit/537.36 (KHTML  like Gecko) Chrome/79.0.3945.130 Safari/537.36,  
46.56.237.173, BY, 2020-01-23 20:37:07, 1, country, Windows, Mozilla/5.0 (Windows NT 10.0; Win64; x64) AppleWebKit/537.36 (KHTML  like Gecko) Chrome/79.0.3945.130 Safari/537.36,  
69.171.251.52, US, 2020-01-23 20:37:16, 1, ua;os;country, unknown, facebookexternalhit/1.1 (+http://www.facebook.com/externalhit_uatext.php),  
69.171.251.9, US, 2020-01-23 20:37:17, 1, ua;os;country, unknown, facebookexternalhit/1.1 (+http://www.facebook.com/externalhit_uatext.php),  
69.171.251.3, US, 2020-01-23 20:37:17, 1, ua;os;country, unknown, facebookexternalhit/1.1 (+http://www.facebook.com/externalhit_uatext.php),  
69.171.251.49, US, 2020-01-23 20:37:17, 1, ua;os;country, unknown, facebookexternalhit/1.1 (+http://www.facebook.com/externalhit_uatext.php),  
173.252.127.25, US, 2020-01-23 20:37:18, 1, ua;os;country, unknown, facebookexternalhit/1.1 (+http://www.facebook.com/externalhit_uatext.php),  
66.220.149.13, US, 2020-01-23 20:37:20, 1, ua;os;country, unknown, facebookexternalhit/1.1 (+http://www.facebook.com/externalhit_uatext.php),  
66.220.149.26, US, 2020-01-23 20:37:20, 1, ua;os;country, unknown, facebookexternalhit/1.1 (+http://www.facebook.com/externalhit_uatext.php),  
173.252.127.46, US, 2020-01-23 20:37:20, 1, ua;os;country, unknown, facebookexternalhit/1.1 (+http://www.facebook.com/externalhit_uatext.php),  
173.252.87.29, US, 2020-01-23 20:37:25, 1, country, Windows, Mozilla/5.0 (Windows NT 10.0; Win64; x64) AppleWebKit/537.36 (KHTML  like Gecko) Chrome/79.0.3945.117 Safari/537.36, fbclid=IwAR2pFUBRH2HBZB14aCi8cWOgBhHe9GlEtbUUtw778KV7EyDbQfu2MIUW4EM 
31.13.115.22, IE, 2020-01-23 20:37:25, 1, country, Android, Mozilla/5.0 (Linux; Android 9; SM-G950U) AppleWebKit/537.36 (KHTML  like Gecko) Chrome/79.0.3945.116 Mobile Safari/537.36, fbclid=IwAR3PHmjt2UCa9MbBPheaqmkv5ERBTUSjKTEsQkh1o1hapdhKkuUTp_nl1-Q 
173.252.95.3, US, 2020-01-23 20:37:26, 1, country, Windows, Mozilla/5.0 (Windows NT 10.0; Win64; x64) AppleWebKit/537.36 (KHTML  like Gecko) Chrome/79.0.3945.117 Safari/537.36, fbclid=IwAR1MtWdjokKyP0DwuotYHzNmqUgSo1gL3TAyhgS6SLEKs4QcFIA3BRBhLMg 
173.252.127.1, US, 2020-01-23 20:37:26, 1, country, Windows, Mozilla/5.0 (Windows NT 10.0; Win64; x64) AppleWebKit/537.36 (KHTML  like Gecko) Chrome/64.0.3282.140 Safari/537.36 Edge/18.17763, fbclid=IwAR2V77Io4ky7dciABqL0_mkPldYA-lMmyZJNWiEqKsdLZJzwzfY2qUsKFv0 
173.252.127.30, US, 2020-01-23 20:37:55, 1, country, Android, Mozilla/5.0 (Linux; Android 6.0.1; Nexus 6P Build/MMB29P) AppleWebKit/537.36 (KHTML  like Gecko) Chrome/47.0.2526.83 Mobile Safari/537.36,  
31.13.127.9, IE, 2020-01-23 20:37:56, 1, country, Android, Mozilla/5.0 (Linux; Android 6.0.1; Nexus 6P Build/MMB29P) AppleWebKit/537.36 (KHTML  like Gecko) Chrome/47.0.2526.83 Mobile Safari/537.36,  
173.252.95.21, US, 2020-01-23 20:38:00, 1, country, Android, Mozilla/5.0 (Linux; Android 6.0.1; Nexus 6P Build/MMB29P) AppleWebKit/537.36 (KHTML  like Gecko) Chrome/47.0.2526.83 Mobile Safari/537.36,  
173.252.95.26, US, 2020-01-23 20:38:00, 1, country, Android, Mozilla/5.0 (Linux; Android 6.0.1; Nexus 6P Build/MMB29P) AppleWebKit/537.36 (KHTML  like Gecko) Chrome/47.0.2526.83 Mobile Safari/537.36,  
124.207.115.68, CN, 2020-01-23 23:21:53, 1, country, Android, Mozilla/5.0 (Linux; Android 8.1.0; DRA-AL00 Build/HUAWEIDRA-AL00; wv) AppleWebKit/537.36 (KHTML  like Gecko) Version/4.0 Chrome/63.0.3239.83 Mobile Safari/537.36 T7/11.3 baiduboxapp/11.3.6.11 (Baidu; P1 8.1.0),  
69.171.251.49, US, 2020-01-23 23:35:01, 1, ua;os;country, unknown, facebookexternalhit/1.1 (+http://www.facebook.com/externalhit_uatext.php),  
52.91.68.254, US, 2020-01-23 23:45:58, 1, os;country, Linux, Mozilla/5.0 (X11; Linux x86_64) AppleWebKit/537.36 (KHTML  like Gecko) Chrome/58.0.3029.110 Safari/537.36,  
121.36.137.19, CN, 2020-01-24 00:16:53, 1, country, Windows, Mozilla/5.0 (Windows NT 10.0; WOW64; rv:49.0) Gecko/20100101 Firefox/49.0,  
121.36.137.19, CN, 2020-01-24 00:45:10, 1, country, Windows, Mozilla/5.0 (Windows NT 10.0; WOW64; rv:49.0) Gecko/20100101 Firefox/49.0,  
51.89.228.207, FR, 2020-01-24 02:43:14, 1, country, Windows, Mozilla/5.0 (Windows NT 10.0; Win64; x64; rv:71.0) Gecko/20100101 Firefox/71.0,  
93.63.162.100, IT, 2020-01-24 03:48:01, 1, country, Windows, Mozilla/5.0 (Windows NT 10.0; Win64; x64) AppleWebKit/537.36 (KHTML  like Gecko) Chrome/74.0.3729.169 Safari/537.36,  
35.230.49.100, US, 2020-01-24 05:30:26, 1, country, Windows, Mozilla/5.0 (Windows NT 10.0; Win64; x64; rv:57.0) Gecko/20100101 Firefox/57.0,  
34.214.202.73, US, 2020-01-24 07:22:55, 1, os;country, unknown, CheckMarkNetwork/1.0 (+http://www.checkmarknetwork.com/spider.html),  
34.214.202.73, US, 2020-01-24 07:22:56, 1, os;country, unknown, CheckMarkNetwork/1.0 (+http://www.checkmarknetwork.com/spider.html),  
54.200.2.216, US, 2020-01-24 07:24:42, 1, os;country, unknown, Go-http-client/1.1,  
221.229.218.152, CN, 2020-01-24 07:58:36, 1, country, iOS, Mozilla/5.0 (iPhone; CPU iPhone OS 10_3 like Mac OS X) AppleWebKit/602.1.50 (KHTML,  
221.229.218.152, CN, 2020-01-24 07:58:36, 1, country, iOS, Mozilla/5.0 (iPhone; CPU iPhone OS 10_3 like Mac OS X) AppleWebKit/602.1.50 (KHTML,  
69.171.251.29, US, 2020-01-24 08:03:10, 1, ua;os;country, unknown, facebookexternalhit/1.1 (+http://www.facebook.com/externalhit_uatext.php),  
209.99.174.172, US, 2020-01-24 08:09:42, 1, country, Windows, Mozilla/5.0 (Windows NT 6.1; WOW64; rv:52.0) Gecko/20100101 Firefox/52.0 SeaMonkey/2.49.3,  
39.98.79.153, CN, 2020-01-24 08:13:54, 1, country, Windows, Mozilla/5.0 (Windows NT 6.1; WOW64) AppleWebKit/537.36 (KHTML  like Gecko) Chrome/59.0.3071.115 Safari/537.36,  
39.98.79.153, CN, 2020-01-24 08:14:07, 1, country, Windows, Mozilla/5.0 (Windows NT 6.1; WOW64) AppleWebKit/537.36 (KHTML  like Gecko) Chrome/59.0.3071.115 Safari/537.36,  
127.0.0.1, , 2020-01-24 09:15:28, 1, country, Windows, Mozilla/5.0 (Windows NT 6.1; rv:33.1) Gecko/20100101 Firefox/33.1,  
192.99.100.93, CA, 2020-01-24 09:18:06, 1, country, Windows, Mozilla/5.0 (Windows NT 6.1; rv:32.0) Gecko/20100101 Firefox/32.0,  
65.154.226.220, US, 2020-01-24 10:21:07, 1, country, Windows, Mozilla/5.0 (Windows NT 6.1; Win64; x64) AppleWebKit/537.36 (KHTML  like Gecko) Chrome/68.0.3440.106 Safari/537.36,  
65.154.226.220, US, 2020-01-24 10:21:15, 1, os;country, Linux, Mozilla/5.0 (X11; Linux x86_64) AppleWebKit/537.36 (KHTML  like Gecko) HeadlessChrome/78.0.3904.70 Safari/537.36,  
65.154.226.100, US, 2020-01-24 10:45:58, 1, country, Windows, Mozilla/5.0 (Windows NT 6.1; Win64; x64) AppleWebKit/537.36 (KHTML  like Gecko) Chrome/68.0.3440.106 Safari/537.36,  
2.58.29.23, , 2020-01-24 11:41:28, 1, country;ip, Windows, Mozilla/5.0 (Windows NT 10.0; Win64; x64) AppleWebKit/537.36 (KHTML  like Gecko) Chrome/63.0.3239.132 Safari/537.36,  
2.58.29.23, , 2020-01-24 11:41:29, 1, country;ip, Windows, Mozilla/5.0 (Windows NT 10.0; Win64; x64) AppleWebKit/537.36 (KHTML  like Gecko) Chrome/63.0.3239.132 Safari/537.36, author=1 
178.124.178.90, BY, 2020-01-24 12:55:46, 1, country, Windows, Mozilla/5.0 (Windows NT 10.0; Win64; x64) AppleWebKit/537.36 (KHTML  like Gecko) Chrome/79.0.3945.130 Safari/537.36,  
31.13.127.16, IE, 2020-01-24 12:56:05, 1, ua;os;country, unknown, facebookexternalhit/1.1 (+http://www.facebook.com/externalhit_uatext.php),  
31.13.127.19, IE, 2020-01-24 12:56:05, 1, ua;os;country, unknown, facebookexternalhit/1.1 (+http://www.facebook.com/externalhit_uatext.php),  
31.13.127.12, IE, 2020-01-24 12:56:06, 1, ua;os;country, unknown, facebookexternalhit/1.1 (+http://www.facebook.com/externalhit_uatext.php),  
173.252.127.8, US, 2020-01-24 12:56:06, 1, ua;os;country, unknown, facebookexternalhit/1.1 (+http://www.facebook.com/externalhit_uatext.php),  
31.13.127.6, IE, 2020-01-24 12:56:07, 1, ua;os;country, unknown, facebookexternalhit/1.1 (+http://www.facebook.com/externalhit_uatext.php),  
159.65.175.107, US, 2020-01-24 13:19:46, 1, country, Windows, Mozilla/5.0 (Windows NT 6.1; WOW64; rv:40.0) Gecko/20100101 Firefox/40.1,  
114.122.6.48, ID, 2020-01-24 13:56:49, 1, country, Android, Mozilla/5.0 (Linux; Android 8.1.0; SM-J730G Build/M1AJQ; wv) AppleWebKit/537.36 (KHTML  like Gecko) Version/4.0 Chrome/74.0.3729.157 Mobile Safari/537.36 [FB_IAB/FB4A;FBAV/230.0.0.36.117;],  
180.249.202.96, ID, 2020-01-24 13:58:42, 1, country, Android, Mozilla/5.0 (Linux; Android 8.1.0; vivo 1808 Build/O11019; wv) AppleWebKit/537.36 (KHTML  like Gecko) Version/4.0 Chrome/79.0.3945.116 Mobile Safari/537.36 [FB_IAB/FB4A;FBAV/244.0.0.43.118;],  
114.125.169.162, ID, 2020-01-24 13:59:18, 1, country, Android, Mozilla/5.0 (Linux; Android 8.1.0; vivo 1820 Build/O11019; wv) AppleWebKit/537.36 (KHTML  like Gecko) Version/4.0 Chrome/79.0.3945.116 Mobile Safari/537.36 [FB_IAB/FB4A;FBAV/244.0.0.43.118;],  
36.85.106.197, ID, 2020-01-24 14:00:28, 1, country, Android, Mozilla/5.0 (Linux; Android 7.1.1; ASUS_X00LD Build/NMF26F; wv) AppleWebKit/537.36 (KHTML  like Gecko) Version/4.0 Chrome/76.0.3809.89 Mobile Safari/537.36 [FB_IAB/FB4A;FBAV/253.0.0.28.116;],  
202.80.219.191, ID, 2020-01-24 14:03:10, 1, country, Android, Mozilla/5.0 (Linux; Android 9; vivo 1727 Build/PKQ1.190118.001; wv) AppleWebKit/537.36 (KHTML  like Gecko) Version/4.0 Chrome/79.0.3945.116 Mobile Safari/537.36 [FB_IAB/FB4A;FBAV/254.0.0.37.125;],  
175.138.96.39, MY, 2020-01-24 14:06:15, 1, country, iOS, Mozilla/5.0 (iPhone; CPU iPhone OS 13_3 like Mac OS X) AppleWebKit/605.1.15 (KHTML  like Gecko) Mobile/15E148 [FBAN/FBIOS;FBDV/iPhone10 3;FBMD/iPhone;FBSN/iOS;FBSV/13.3;FBSS/3;FBID/phone;FBLC/id_ID;FBOP/5;FBCR/Carrier],  
112.215.153.89, ID, 2020-01-24 14:09:37, 1, country, iOS, Mozilla/5.0 (iPhone; CPU iPhone OS 12_4 like Mac OS X) AppleWebKit/605.1.15 (KHTML  like Gecko) Mobile/15E148 [FBAN/FBIOS;FBDV/iPhone8 2;FBMD/iPhone;FBSN/iOS;FBSV/12.4;FBSS/3;FBID/phone;FBLC/en_US;FBOP/5;FBCR/Carrier],  
114.79.6.4, ID, 2020-01-24 14:11:45, 1, country, Android, Mozilla/5.0 (Linux; Android 9; SM-A105G Build/PPR1.180610.011; wv) AppleWebKit/537.36 (KHTML  like Gecko) Version/4.0 Chrome/79.0.3945.93 Mobile Safari/537.36 [FB_IAB/FB4A;FBAV/251.0.0.31.111;],  
114.125.26.39, ID, 2020-01-24 14:12:40, 1, country, Android, Mozilla/5.0 (Linux; Android 6.0; CRO-L22 Build/HUAWEICRO-L22; wv) AppleWebKit/537.36 (KHTML  like Gecko) Version/4.0 Chrome/65.0.3325.109 Mobile Safari/537.36 [FB_IAB/FB4A;FBAV/227.0.0.43.158;],  
114.125.81.65, ID, 2020-01-24 14:12:56, 1, country, Android, Mozilla/5.0 (Linux; Android 7.1.1; SM-C710F Build/NMF26X; wv) AppleWebKit/537.36 (KHTML  like Gecko) Version/4.0 Chrome/64.0.3282.137 Mobile Safari/537.36 [FB_IAB/FB4A;FBAV/240.0.0.38.121;],  
36.79.248.90, ID, 2020-01-24 14:15:33, 1, country, Android, Mozilla/5.0 (Linux; Android 9; CPH1933 Build/PKQ1.190714.001; wv) AppleWebKit/537.36 (KHTML  like Gecko) Version/4.0 Chrome/79.0.3945.116 Mobile Safari/537.36 [FB_IAB/FB4A;FBAV/253.0.0.28.116;],  
182.1.97.239, ID, 2020-01-24 14:30:22, 1, country, Android, Mozilla/5.0 (Linux; Android 8.1.0; CPH1909 Build/O11019; wv) AppleWebKit/537.36 (KHTML  like Gecko) Version/4.0 Chrome/69.0.3497.100 Mobile Safari/537.36 [FB_IAB/FB4A;FBAV/251.0.0.31.111;],  
114.79.38.6, ID, 2020-01-24 14:32:49, 1, country, Android, Mozilla/5.0 (Linux; Android 8.1.0; CPH1909 Build/O11019; wv) AppleWebKit/537.36 (KHTML  like Gecko) Version/4.0 Chrome/69.0.3497.100 Mobile Safari/537.36 [FB_IAB/FB4A;FBAV/253.0.0.28.116;],  
182.1.114.61, ID, 2020-01-24 14:37:21, 1, country, Android, Mozilla/5.0 (Linux; Android 9; vivo 1904 Build/PPR1.180610.011; wv) AppleWebKit/537.36 (KHTML  like Gecko) Version/4.0 Chrome/74.0.3729.136 Mobile Safari/537.36 [FB_IAB/FB4A;FBAV/253.0.0.28.116;],  
180.241.219.46, ID, 2020-01-24 14:38:44, 1, country, Android, Mozilla/5.0 (Linux; Android 9; CPH1969 Build/PPR1.180610.011; wv) AppleWebKit/537.36 (KHTML  like Gecko) Version/4.0 Chrome/79.0.3945.116 Mobile Safari/537.36 [FB_IAB/FB4A;FBAV/253.0.0.28.116;],  
114.125.81.77, ID, 2020-01-24 14:39:32, 1, country, Android, Mozilla/5.0 (Linux; Android 9; vivo 1819 Build/P00610; wv) AppleWebKit/537.36 (KHTML  like Gecko) Version/4.0 Chrome/79.0.3945.116 Mobile Safari/537.36 [FB_IAB/FB4A;FBAV/253.0.0.28.116;],  
114.125.221.101, ID, 2020-01-24 14:40:29, 1, country, Android, Mozilla/5.0 (Linux; Android 8.1.0; CPH1901 Build/OPM1.171019.026; wv) AppleWebKit/537.36 (KHTML  like Gecko) Version/4.0 Chrome/71.0.3578.99 Mobile Safari/537.36 [FB_IAB/FB4A;FBAV/253.0.0.28.116;],  
114.125.204.85, ID, 2020-01-24 14:40:42, 1, country, Android, Mozilla/5.0 (Linux; Android 8.1.0; CPH1901 Build/OPM1.171019.026; wv) AppleWebKit/537.36 (KHTML  like Gecko) Version/4.0 Chrome/71.0.3578.99 Mobile Safari/537.36 [FB_IAB/FB4A;FBAV/253.0.0.28.116;],  
114.125.10.181, ID, 2020-01-24 14:41:27, 1, country, Android, Mozilla/5.0 (Linux; Android 7.0; vivo 1612 Build/NRD90M; wv) AppleWebKit/537.36 (KHTML  like Gecko) Version/4.0 Chrome/68.0.3440.91 Mobile Safari/537.36 [FB_IAB/FB4A;FBAV/252.0.0.22.355;],  
173.252.95.34, US, 2020-01-24 14:41:48, 1, ua;os;country, unknown, facebookexternalhit/1.1 (+http://www.facebook.com/externalhit_uatext.php),  
114.125.31.233, ID, 2020-01-24 14:42:19, 1, country, Android, Mozilla/5.0 (Linux; Android 9; CPH1931 Build/PKQ1.190714.001; wv) AppleWebKit/537.36 (KHTML  like Gecko) Version/4.0 Chrome/79.0.3945.136 Mobile Safari/537.36 [FB_IAB/FB4A;FBAV/253.0.0.28.116;],  
182.1.63.51, ID, 2020-01-24 14:45:44, 1, country, Android, Mozilla/5.0 (Linux; Android 8.0.0; BLA-L29 Build/HUAWEIBLA-L29S; wv) AppleWebKit/537.36 (KHTML  like Gecko) Version/4.0 Chrome/74.0.3729.157 Mobile Safari/537.36 [FB_IAB/FB4A;FBAV/250.0.0.26.241;],  
180.246.110.50, ID, 2020-01-24 14:47:13, 1, country, Windows, Mozilla/5.0 (Windows NT 10.0; Win64; x64) AppleWebKit/537.36 (KHTML  like Gecko) Chrome/79.0.3945.130 Safari/537.36, fbclid=IwAR3V8l-UVNZtVk79_r1e68bdCr0hfKZXfL9l2mwthCZpTP1lIl3L0BYrTBk 
115.178.252.211, ID, 2020-01-24 14:47:37, 1, country, Android, Mozilla/5.0 (Linux; Android 8.1.0; CPH1803 Build/OPM1.171019.026; wv) AppleWebKit/537.36 (KHTML  like Gecko) Version/4.0 Chrome/75.0.3770.101 Mobile Safari/537.36 [FB_IAB/FB4A;FBAV/227.0.0.43.158;],  
140.213.142.25, ID, 2020-01-24 14:48:00, 1, country, Android, Mozilla/5.0 (Linux; Android 9; RMX1941 Build/PPR1.180610.011; wv) AppleWebKit/537.36 (KHTML  like Gecko) Version/4.0 Chrome/71.0.3578.99 Mobile Safari/537.36 [FB_IAB/FB4A;FBAV/201.0.0.58.99;],  
114.125.31.71, ID, 2020-01-24 14:50:03, 1, country, Android, Mozilla/5.0 (Linux; Android 7.1.1; MI MAX 2 Build/NMF26F; wv) AppleWebKit/537.36 (KHTML  like Gecko) Version/4.0 Chrome/79.0.3945.93 Mobile Safari/537.36 [FB_IAB/FB4A;FBAV/250.0.0.26.241;],  
114.5.243.43, ID, 2020-01-24 14:54:44, 1, country, Android, Mozilla/5.0 (Linux; Android 8.1.0; vivo 1807 Build/OPM1.171019.026; wv) AppleWebKit/537.36 (KHTML  like Gecko) Version/4.0 Chrome/79.0.3945.116 Mobile Safari/537.36 [FB_IAB/FB4A;FBAV/253.0.0.28.116;],  
120.188.83.242, ID, 2020-01-24 14:54:53, 1, country, Android, Mozilla/5.0 (Linux; Android 9; RMX1941 Build/PPR1.180610.011; wv) AppleWebKit/537.36 (KHTML  like Gecko) Version/4.0 Chrome/71.0.3578.99 Mobile Safari/537.36 [FB_IAB/FB4A;FBAV/251.0.0.31.111;],  
112.215.174.241, ID, 2020-01-24 14:56:07, 1, country, Android, Mozilla/5.0 (Linux; Android 9; Redmi 7 Build/PKQ1.181021.001; wv) AppleWebKit/537.36 (KHTML  like Gecko) Version/4.0 Chrome/72.0.3626.121 Mobile Safari/537.36 [FB_IAB/FB4A;FBAV/231.0.0.39.113;],  
182.1.98.10, ID, 2020-01-24 14:56:34, 1, country, Android, Mozilla/5.0 (Linux; Android 9; CPH1823 Build/PPR1.180610.011; wv) AppleWebKit/537.36 (KHTML  like Gecko) Version/4.0 Chrome/79.0.3945.116 Mobile Safari/537.36 [FB_IAB/FB4A;FBAV/253.0.0.28.116;],  
114.79.44.22, ID, 2020-01-24 14:58:02, 1, country, Android, Mozilla/5.0 (Linux; Android 9; vivo 1904 Build/PPR1.180610.011; wv) AppleWebKit/537.36 (KHTML  like Gecko) Version/4.0 Chrome/79.0.3945.116 Mobile Safari/537.36 [FB_IAB/FB4A;FBAV/253.0.0.28.116;],  
114.125.30.1, ID, 2020-01-24 14:58:42, 1, country, Android, Mozilla/5.0 (Linux; Android 6.0.1; SM-G532G Build/MMB29T; wv) AppleWebKit/537.36 (KHTML  like Gecko) Version/4.0 Chrome/55.0.2883.91 Mobile Safari/537.36 [FB_IAB/FB4A;FBAV/250.0.0.26.241;],  
180.242.223.218, ID, 2020-01-24 15:02:34, 1, country, Android, Mozilla/5.0 (Linux; Android 8.1.0; vivo 1820 Build/O11019; wv) AppleWebKit/537.36 (KHTML  like Gecko) Version/4.0 Chrome/79.0.3945.136 Mobile Safari/537.36 [FB_IAB/FB4A;FBAV/253.0.0.28.116;],  
114.4.221.16, ID, 2020-01-24 15:05:49, 1, country, Android, Mozilla/5.0 (Linux; Android 9; SM-A107F Build/PPR1.180610.011; wv) AppleWebKit/537.36 (KHTML  like Gecko) Version/4.0 Chrome/74.0.3729.136 Mobile Safari/537.36 [FB_IAB/FB4A;FBAV/250.0.0.26.241;],  
114.4.221.16, ID, 2020-01-24 15:05:49, 1, country, Android, Mozilla/5.0 (Linux; Android 9; SM-A107F Build/PPR1.180610.011; wv) AppleWebKit/537.36 (KHTML  like Gecko) Version/4.0 Chrome/74.0.3729.136 Mobile Safari/537.36 [FB_IAB/FB4A;FBAV/250.0.0.26.241;],  
36.82.96.88, ID, 2020-01-24 15:08:19, 1, country, Android, Mozilla/5.0 (Linux; Android 6.0.1; CPH1611 Build/MMB29M; wv) AppleWebKit/537.36 (KHTML  like Gecko) Version/4.0 Chrome/79.0.3945.116 Mobile Safari/537.36 [FB_IAB/FB4A;FBAV/253.0.0.28.116;],  
36.72.146.253, ID, 2020-01-24 15:10:02, 1, country, Android, Mozilla/5.0 (Linux; Android 6.0.1; SM-G532G Build/MMB29T; wv) AppleWebKit/537.36 (KHTML  like Gecko) Version/4.0 Chrome/55.0.2883.91 Mobile Safari/537.36 [FB_IAB/FB4A;FBAV/253.0.0.28.116;],  
69.171.251.12, US, 2020-01-24 15:10:36, 1, country, Windows, Mozilla/5.0 (Windows NT 6.1; Win64; x64; rv:72.0) Gecko/20100101 Firefox/72.0, fbclid=IwAR2kfVbFeC9JC-dLDmX2yxzH79_QuHwagS6kwgZt0eJ9Ygraen3N_3J0IvU 
69.171.251.19, US, 2020-01-24 15:11:09, 1, country, Android, Mozilla/5.0 (Linux; Android 6.0.1; Nexus 6P Build/MMB29P) AppleWebKit/537.36 (KHTML  like Gecko) Chrome/47.0.2526.83 Mobile Safari/537.36,  
125.162.115.191, ID, 2020-01-24 15:12:28, 1, country, Android, Mozilla/5.0 (Linux; Android 8.1.0; vivo 1817 Build/OPM1.171019.026; wv) AppleWebKit/537.36 (KHTML  like Gecko) Version/4.0 Chrome/79.0.3945.116 Mobile Safari/537.36 [FB_IAB/FB4A;FBAV/253.0.0.28.116;],  
114.124.161.188, ID, 2020-01-24 15:12:56, 1, country, Android, Mozilla/5.0 (Linux; Android 9; SM-G965F Build/PPR1.180610.011; wv) AppleWebKit/537.36 (KHTML  like Gecko) Version/4.0 Chrome/79.0.3945.79 Mobile Safari/537.36 [FB_IAB/FB4A;FBAV/253.0.0.28.116;],  
203.78.114.28, ID, 2020-01-24 15:16:24, 1, country, Android, Mozilla/5.0 (Linux; Android 8.1.0; CPH1909 Build/O11019; wv) AppleWebKit/537.36 (KHTML  like Gecko) Version/4.0 Chrome/69.0.3497.100 Mobile Safari/537.36 [FB_IAB/FB4A;FBAV/251.0.0.31.111;],  
114.125.41.143, ID, 2020-01-24 15:18:04, 1, country, Android, Mozilla/5.0 (Linux; Android 9; SM-A750GN Build/PPR1.180610.011; wv) AppleWebKit/537.36 (KHTML  like Gecko) Version/4.0 Chrome/77.0.3865.92 Mobile Safari/537.36 [FB_IAB/FB4A;FBAV/250.0.0.26.241;],  
114.125.81.108, ID, 2020-01-24 15:18:17, 1, country, Android, Mozilla/5.0 (Linux; Android 7.0; i55C Build/NRD90M; wv) AppleWebKit/537.36 (KHTML  like Gecko) Version/4.0 Chrome/77.0.3865.73 Mobile Safari/537.36 [FB_IAB/FB4A;FBAV/252.0.0.22.355;],  
202.67.47.14, ID, 2020-01-24 15:21:19, 1, country, Android, Mozilla/5.0 (Linux; Android 9; CPH1911 Build/PPR1.180610.011; wv) AppleWebKit/537.36 (KHTML  like Gecko) Version/4.0 Chrome/79.0.3945.116 Mobile Safari/537.36 [FB_IAB/FB4A;FBAV/254.0.0.37.125;],  
203.78.119.116, ID, 2020-01-24 15:24:05, 1, country, Android, Mozilla/5.0 (Linux; Android 8.1.0; Redmi 6A Build/O11019; wv) AppleWebKit/537.36 (KHTML  like Gecko) Version/4.0 Chrome/71.0.3578.99 Mobile Safari/537.36 [FB_IAB/FB4A;FBAV/245.0.0.39.118;],  
114.122.6.179, ID, 2020-01-24 15:25:27, 1, country, Android, Mozilla/5.0 (Linux; Android 9; Infinix X650C Build/PPR1.180610.011; wv) AppleWebKit/537.36 (KHTML  like Gecko) Version/4.0 Chrome/74.0.3729.136 Mobile Safari/537.36 [FB_IAB/FB4A;FBAV/250.0.0.26.241;],  
112.215.175.5, ID, 2020-01-24 15:25:36, 1, country, Android, Mozilla/5.0 (Linux; Android 5.1.1; Redmi 3 Build/LMY47V; wv) AppleWebKit/537.36 (KHTML  like Gecko) Version/4.0 Chrome/71.0.3578.99 Mobile Safari/537.36 [FB_IAB/FB4A;FBAV/251.0.0.31.111;],  
180.249.98.203, ID, 2020-01-24 15:26:15, 1, country, Android, Mozilla/5.0 (Linux; Android 8.1.0; CPH1901 Build/OPM1.171019.026; wv) AppleWebKit/537.36 (KHTML  like Gecko) Version/4.0 Chrome/79.0.3945.136 Mobile Safari/537.36 [FB_IAB/FB4A;FBAV/253.0.0.28.116;],  
114.125.81.83, ID, 2020-01-24 15:28:05, 1, country, Android, Mozilla/5.0 (Linux; Android 7.0; SM-G610F Build/NRD90M; wv) AppleWebKit/537.36 (KHTML  like Gecko) Version/4.0 Chrome/79.0.3945.116 Mobile Safari/537.36 [FB_IAB/FB4A;FBAV/253.0.0.28.116;],  
203.78.116.126, ID, 2020-01-24 15:28:40, 1, country, Android, Mozilla/5.0 (Linux; Android 8.1.0; CPH1803 Build/OPM1.171019.026; wv) AppleWebKit/537.36 (KHTML  like Gecko) Version/4.0 Chrome/66.0.3359.126 Mobile Safari/537.36 [FB_IAB/FB4A;FBAV/248.1.0.44.116;],  
180.244.235.232, ID, 2020-01-24 15:29:47, 1, country, iOS, Mozilla/5.0 (iPhone; CPU iPhone OS 13_3 like Mac OS X) AppleWebKit/605.1.15 (KHTML  like Gecko) Mobile/15E148 [FBAN/FBIOS;FBDV/iPhone9 4;FBMD/iPhone;FBSN/iOS;FBSV/13.3;FBSS/3;FBID/phone;FBLC/id_ID;FBOP/5;FBCR/Carrier],  
112.215.219.182, ID, 2020-01-24 15:30:16, 1, country, Android, Mozilla/5.0 (Linux; Android 9; Infinix X626B LTE Build/PPR1.180610.011; wv) AppleWebKit/537.36 (KHTML  like Gecko) Version/4.0 Chrome/72.0.3626.121 Mobile Safari/537.36 [FB_IAB/FB4A;FBAV/244.0.0.43.118;],  
180.249.201.193, ID, 2020-01-24 15:32:23, 1, country, Android, Mozilla/5.0 (Linux; Android 8.1.0; CPH1803 Build/OPM1.171019.026; wv) AppleWebKit/537.36 (KHTML  like Gecko) Version/4.0 Chrome/79.0.3945.136 Mobile Safari/537.36 [FB_IAB/FB4A;FBAV/253.0.0.28.116;],  
114.122.72.234, ID, 2020-01-24 15:36:39, 0, , Android, Mozilla/5.0 (Linux; Android 9; SM-A600G Build/PPR1.180610.011; wv) AppleWebKit/537.36 (KHTML  like Gecko) Version/4.0 Chrome/71.0.3578.99 Mobile Safari/537.36 [FB_IAB/FB4A;FBAV/247.0.0.42.116;],  
103.120.66.92, , 2020-01-24 15:38:15, 1, country, Windows, Mozilla/5.0 (Windows NT 10.0; Win64; x64) AppleWebKit/537.36 (KHTML  like Gecko) Chrome/79.0.3945.130 Safari/537.36,  
110.136.196.150, ID, 2020-01-24 15:38:50, 0, , Android, Mozilla/5.0 (Linux; Android 5.1.1; A37f Build/LMY47V; wv) AppleWebKit/537.36 (KHTML  like Gecko) Version/4.0 Chrome/79.0.3945.116 Mobile Safari/537.36 [FB_IAB/FB4A;FBAV/253.0.0.28.116;],  
125.160.197.5, ID, 2020-01-24 15:39:04, 0, , Android, Mozilla/5.0 (Linux; Android 6.0.1; CPH1701 Build/MMB29M; wv) AppleWebKit/537.36 (KHTML  like Gecko) Version/4.0 Chrome/79.0.3945.116 Mobile Safari/537.36 [FB_IAB/FB4A;FBAV/253.0.0.28.116;],  
202.80.214.29, ID, 2020-01-24 15:41:09, 0, , Android, Mozilla/5.0 (Linux; Android 5.1.1; A37f Build/LMY47V; wv) AppleWebKit/537.36 (KHTML  like Gecko) Version/4.0 Chrome/79.0.3945.116 Mobile Safari/537.36 [FB_IAB/FB4A;FBAV/253.0.0.28.116;],  
202.80.214.29, ID, 2020-01-24 15:41:10, 0, , Android, Mozilla/5.0 (Linux; Android 5.1.1; A37f Build/LMY47V; wv) AppleWebKit/537.36 (KHTML  like Gecko) Version/4.0 Chrome/79.0.3945.116 Mobile Safari/537.36 [FB_IAB/FB4A;FBAV/253.0.0.28.116;] NV/1,  
125.161.131.109, ID, 2020-01-24 15:41:17, 0, , Android, Mozilla/5.0 (Linux; Android 9; Mi Note 3 Build/PKQ1.181007.001; wv) AppleWebKit/537.36 (KHTML  like Gecko) Version/4.0 Chrome/79.0.3945.136 Mobile Safari/537.36 [FB_IAB/FB4A;FBAV/253.0.0.28.116;],  
118.136.163.203, ID, 2020-01-24 15:42:07, 0, , Android, Mozilla/5.0 (Linux; Android 8.0.0; SM-A720F Build/R16NW; wv) AppleWebKit/537.36 (KHTML  like Gecko) Version/4.0 Chrome/79.0.3945.116 Mobile Safari/537.36 [FB_IAB/FB4A;FBAV/253.0.0.28.116;],  
182.0.229.104, ID, 2020-01-24 15:42:31, 0, , Android, Mozilla/5.0 (Linux; Android 7.0; SM-G610F Build/NRD90M; wv) AppleWebKit/537.36 (KHTML  like Gecko) Version/4.0 Chrome/78.0.3904.96 Mobile Safari/537.36 [FB_IAB/FB4A;FBAV/250.0.0.26.241;],  
125.167.207.0, ID, 2020-01-24 15:43:53, 0, , Android, Mozilla/5.0 (Linux; Android 8.1.0; vivo 1724 Build/OPM1.171019.011; wv) AppleWebKit/537.36 (KHTML  like Gecko) Version/4.0 Chrome/79.0.3945.136 Mobile Safari/537.36 [FB_IAB/FB4A;FBAV/253.0.0.28.116;],  
36.75.140.174, ID, 2020-01-24 15:46:56, 0, , Android, Mozilla/5.0 (Linux; Android 5.1.1; A37f Build/LMY47V; wv) AppleWebKit/537.36 (KHTML  like Gecko) Version/4.0 Chrome/79.0.3945.116 Mobile Safari/537.36 [FB_IAB/FB4A;FBAV/253.0.0.28.116;],  
109.126.131.255, BY, 2020-01-24 15:47:40, 1, country, Windows, Mozilla/5.0 (Windows NT 10.0; Win64; x64) AppleWebKit/537.36 (KHTML  like Gecko) Chrome/79.0.3945.130 Safari/537.36,  
109.126.131.255, BY, 2020-01-24 15:47:41, 1, country, Windows, Mozilla/5.0 (Windows NT 10.0; Win64; x64) AppleWebKit/537.36 (KHTML  like Gecko) Chrome/79.0.3945.130 Safari/537.36,  
103.120.66.92, , 2020-01-24 15:49:14, 1, country, Windows, Mozilla/5.0 (Windows NT 10.0; Win64; x64) AppleWebKit/537.36 (KHTML  like Gecko) Chrome/79.0.3945.130 Safari/537.36,  
109.126.131.255, BY, 2020-01-24 15:51:20, 1, country, Windows, Mozilla/5.0 (Windows NT 10.0; Win64; x64) AppleWebKit/537.36 (KHTML  like Gecko) Chrome/79.0.3945.130 Safari/537.36,  
182.1.195.185, ID, 2020-01-24 15:51:48, 0, , Android, Mozilla/5.0 (Linux; Android 6.0; CPH1609 Build/MRA58K; wv) AppleWebKit/537.36 (KHTML  like Gecko) Version/4.0 Chrome/71.0.3578.99 Mobile Safari/537.36 [FB_IAB/FB4A;FBAV/205.0.0.27.113;],  
182.1.195.70, ID, 2020-01-24 15:54:12, 0, , Android, Mozilla/5.0 (Linux; Android 6.0; CPH1609 Build/MRA58K; wv) AppleWebKit/537.36 (KHTML  like Gecko) Version/4.0 Chrome/71.0.3578.99 Mobile Safari/537.36 [FB_IAB/FB4A;FBAV/205.0.0.27.113;],  
182.1.192.63, ID, 2020-01-24 15:54:48, 0, , Android, Mozilla/5.0 (Linux; Android 6.0; CPH1609 Build/MRA58K; wv) AppleWebKit/537.36 (KHTML  like Gecko) Version/4.0 Chrome/71.0.3578.99 Mobile Safari/537.36 [FB_IAB/FB4A;FBAV/205.0.0.27.113;],  
182.1.195.142, ID, 2020-01-24 15:56:47, 0, , Android, Mozilla/5.0 (Linux; Android 6.0; CPH1609 Build/MRA58K; wv) AppleWebKit/537.36 (KHTML  like Gecko) Version/4.0 Chrome/71.0.3578.99 Mobile Safari/537.36 [FB_IAB/FB4A;FBAV/205.0.0.27.113;],  
114.125.223.107, ID, 2020-01-24 15:59:56, 0, , Android, Mozilla/5.0 (Linux; Android 8.1.0; CPH1803 Build/OPM1.171019.026; wv) AppleWebKit/537.36 (KHTML  like Gecko) Version/4.0 Chrome/70.0.3538.110 Mobile Safari/537.36 [FB_IAB/FB4A;FBAV/251.0.0.31.111;],  
202.67.43.33, ID, 2020-01-24 16:05:51, 0, , Android, Mozilla/5.0 (Linux; Android 9; vivo 1918 Build/PKQ1.181030.001; wv) AppleWebKit/537.36 (KHTML  like Gecko) Version/4.0 Chrome/79.0.3945.116 Mobile Safari/537.36 [FB_IAB/FB4A;FBAV/253.0.0.28.116;],  
109.126.131.255, BY, 2020-01-24 16:07:28, 1, country, Windows, Mozilla/5.0 (Windows NT 10.0; Win64; x64) AppleWebKit/537.36 (KHTML  like Gecko) Chrome/79.0.3945.130 Safari/537.36,  
103.120.66.68, , 2020-01-24 16:07:58, 1, country, Windows, Mozilla/5.0 (Windows NT 10.0; Win64; x64) AppleWebKit/537.36 (KHTML  like Gecko) Chrome/79.0.3945.130 Safari/537.36,  
103.120.66.68, , 2020-01-24 16:08:42, 1, country, Windows, Mozilla/5.0 (Windows NT 10.0; Win64; x64) AppleWebKit/537.36 (KHTML  like Gecko) Chrome/79.0.3945.130 Safari/537.36,  
89.46.103.172, RO, 2020-01-24 16:09:28, 0, , Windows, Mozilla/5.0 (Windows NT 10.0; Win64; x64) AppleWebKit/537.36 (KHTML  like Gecko) Chrome/79.0.3945.130 Safari/537.36,  
89.46.103.172, RO, 2020-01-24 16:09:56, 0, , Windows, Mozilla/5.0 (Windows NT 10.0; Win64; x64) AppleWebKit/537.36 (KHTML  like Gecko) Chrome/79.0.3945.130 Safari/537.36,  
89.46.103.172, RO, 2020-01-24 16:11:08, 0, , Windows, Mozilla/5.0 (Windows NT 10.0; Win64; x64) AppleWebKit/537.36 (KHTML  like Gecko) Chrome/79.0.3945.130 Safari/537.36,  
89.46.103.172, RO, 2020-01-24 16:11:10, 0, , Windows, Mozilla/5.0 (Windows NT 10.0; Win64; x64) AppleWebKit/537.36 (KHTML  like Gecko) Chrome/79.0.3945.130 Safari/537.36,  
89.46.103.172, RO, 2020-01-24 16:13:54, 0, , Windows, Mozilla/5.0 (Windows NT 10.0; Win64; x64) AppleWebKit/537.36 (KHTML  like Gecko) Chrome/79.0.3945.130 Safari/537.36,  
89.46.103.172, RO, 2020-01-24 16:16:52, 0, , Windows, Mozilla/5.0 (Windows NT 10.0; Win64; x64) AppleWebKit/537.36 (KHTML  like Gecko) Chrome/79.0.3945.130 Safari/537.36,  
89.46.103.172, RO, 2020-01-24 16:19:00, 0, , Windows, Mozilla/5.0 (Windows NT 10.0; Win64; x64) AppleWebKit/537.36 (KHTML  like Gecko) Chrome/79.0.3945.130 Safari/537.36,  
109.126.131.255, BY, 2020-01-24 16:25:21, 1, country, Windows, Mozilla/5.0 (Windows NT 10.0; Win64; x64) AppleWebKit/537.36 (KHTML  like Gecko) Chrome/79.0.3945.130 Safari/537.36,  
103.120.66.68, , 2020-01-24 16:25:52, 1, country, Windows, Mozilla/5.0 (Windows NT 10.0; Win64; x64) AppleWebKit/537.36 (KHTML  like Gecko) Chrome/79.0.3945.130 Safari/537.36,  
103.120.66.68, , 2020-01-24 16:29:10, 1, country, Windows, Mozilla/5.0 (Windows NT 10.0; Win64; x64) AppleWebKit/537.36 (KHTML  like Gecko) Chrome/79.0.3945.130 Safari/537.36,  
149.154.161.15, GB, 2020-01-24 16:29:24, 1, os;country, unknown, TelegramBot (like TwitterBot),  
103.120.66.84, , 2020-01-24 16:32:34, 1, country, Windows, Mozilla/5.0 (Windows NT 10.0; Win64; x64) AppleWebKit/537.36 (KHTML  like Gecko) Chrome/79.0.3945.130 Safari/537.36,  
86.105.9.94, RO, 2020-01-24 16:36:13, 1, country, Windows, Mozilla/5.0 (Windows NT 10.0; Win64; x64) AppleWebKit/537.36 (KHTML  like Gecko) Chrome/79.0.3945.130 Safari/537.36,  
86.105.9.94, RO, 2020-01-24 16:36:30, 0, , Windows, Mozilla/5.0 (Windows NT 10.0; Win64; x64) AppleWebKit/537.36 (KHTML  like Gecko) Chrome/79.0.3945.130 Safari/537.36,  
86.105.9.94, RO, 2020-01-24 16:50:22, 0, , Windows, Mozilla/5.0 (Windows NT 10.0; Win64; x64) AppleWebKit/537.36 (KHTML  like Gecko) Chrome/79.0.3945.130 Safari/537.36,  
109.126.131.255, BY, 2020-01-24 17:12:37, 1, country, Windows, Mozilla/5.0 (Windows NT 10.0; Win64; x64) AppleWebKit/537.36 (KHTML  like Gecko) Chrome/79.0.3945.130 Safari/537.36,  
110.138.149.73, ID, 2020-01-24 17:12:46, 1, country, Android, Mozilla/5.0 (Linux; Android 5.0.2; Redmi Note 2 Build/LRX22G; wv) AppleWebKit/537.36 (KHTML  like Gecko) Version/4.0 Chrome/79.0.3945.136 Mobile Safari/537.36 [FB_IAB/FB4A;FBAV/253.0.0.28.116;],  
86.105.9.92, RO, 2020-01-24 17:14:24, 0, , Windows, Mozilla/5.0 (Windows NT 10.0; Win64; x64) AppleWebKit/537.36 (KHTML  like Gecko) Chrome/79.0.3945.130 Safari/537.36,  
86.105.9.92, RO, 2020-01-24 17:14:32, 0, , Windows, Mozilla/5.0 (Windows NT 10.0; Win64; x64) AppleWebKit/537.36 (KHTML  like Gecko) Chrome/79.0.3945.130 Safari/537.36,  
2.58.29.23, , 2020-01-24 17:14:53, 1, country;ip, Windows, Mozilla/5.0 (Windows NT 10.0; Win64; x64) AppleWebKit/537.36 (KHTML  like Gecko) Chrome/78.0.3904.97 Safari/537.36,  
2.58.29.23, , 2020-01-24 17:14:53, 1, country;ip, Windows, Mozilla/5.0 (Windows NT 10.0; Win64; x64) AppleWebKit/537.36 (KHTML  like Gecko) Chrome/78.0.3904.97 Safari/537.36,  
2.58.29.23, , 2020-01-24 17:14:56, 1, country;ip, Windows, Mozilla/5.0 (Windows NT 10.0; Win64; x64) AppleWebKit/537.36 (KHTML  like Gecko) Chrome/78.0.3904.97 Safari/537.36,  
2.58.29.23, , 2020-01-24 17:14:57, 1, country;ip, Windows, Mozilla/5.0 (Windows NT 10.0; Win64; x64) AppleWebKit/537.36 (KHTML  like Gecko) Chrome/78.0.3904.97 Safari/537.36, author=1 
2.58.29.23, , 2020-01-24 17:14:57, 1, country;ip, Windows, Mozilla/5.0 (Windows NT 10.0; Win64; x64) AppleWebKit/537.36 (KHTML  like Gecko) Chrome/78.0.3904.97 Safari/537.36, author=2 
86.105.9.92, RO, 2020-01-24 17:15:04, 0, , Windows, Mozilla/5.0 (Windows NT 10.0; Win64; x64) AppleWebKit/537.36 (KHTML  like Gecko) Chrome/79.0.3945.130 Safari/537.36,  
109.126.131.255, BY, 2020-01-24 17:25:24, 1, country, Windows, Mozilla/5.0 (Windows NT 10.0; Win64; x64) AppleWebKit/537.36 (KHTML  like Gecko) Chrome/79.0.3945.130 Safari/537.36,  
89.46.102.116, RO, 2020-01-24 17:25:48, 0, , Windows, Mozilla/5.0 (Windows NT 10.0; Win64; x64) AppleWebKit/537.36 (KHTML  like Gecko) Chrome/79.0.3945.130 Safari/537.36,  
89.46.102.116, RO, 2020-01-24 17:26:03, 0, , Windows, Mozilla/5.0 (Windows NT 10.0; Win64; x64) AppleWebKit/537.36 (KHTML  like Gecko) Chrome/79.0.3945.130 Safari/537.36,  
89.46.102.116, RO, 2020-01-24 17:27:13, 0, , Windows, Mozilla/5.0 (Windows NT 10.0; Win64; x64) AppleWebKit/537.36 (KHTML  like Gecko) Chrome/79.0.3945.130 Safari/537.36,  
89.46.102.116, RO, 2020-01-24 17:28:59, 0, , Windows, Mozilla/5.0 (Windows NT 10.0; Win64; x64) AppleWebKit/537.36 (KHTML  like Gecko) Chrome/79.0.3945.130 Safari/537.36,  
89.46.102.116, RO, 2020-01-24 17:29:08, 0, , Windows, Mozilla/5.0 (Windows NT 10.0; Win64; x64) AppleWebKit/537.36 (KHTML  like Gecko) Chrome/79.0.3945.130 Safari/537.36,  
89.46.102.116, RO, 2020-01-24 17:30:08, 0, , Windows, Mozilla/5.0 (Windows NT 10.0; Win64; x64) AppleWebKit/537.36 (KHTML  like Gecko) Chrome/79.0.3945.130 Safari/537.36,  
114.125.215.22, ID, 2020-01-24 18:06:28, 1, country, Android, Mozilla/5.0 (Linux; Android 9; SM-A505F Build/PPR1.180610.011; wv) AppleWebKit/537.36 (KHTML  like Gecko) Version/4.0 Chrome/77.0.3865.92 Mobile Safari/537.36 [FB_IAB/FB4A;FBAV/247.0.0.42.116;],  
46.4.33.48, DE, 2020-01-24 19:55:16, 1, country, Windows, Mozilla/5.0 (Windows; U; Windows NT 5.1; ru; rv:1.9.0.1) Gecko/2008070208,  
171.13.14.83, CN, 2020-01-24 19:56:58, 1, country, iOS, Mozilla/5.0 (iPhone; CPU iPhone OS 11_0 like Mac OS X) AppleWebKit/604.1.38 (KHTML  like Gecko) Version/11.0 Mobile/15A372 Safari/604.1,  
171.13.14.76, CN, 2020-01-24 20:54:33, 1, country, Windows, Mozilla/5.0 (Windows NT 10.0; Win64; x64) AppleWebKit/537.36 (KHTML  like Gecko) Chrome/78.0.3904.87 Safari/537.36,  
179.43.169.182, CH, 2020-01-24 21:45:25, 1, os;country, Linux, Mozilla/5.0 (X11; Linux i686; rv:10.0) Gecko/20100101 Firefox/10.0,  
179.43.169.182, CH, 2020-01-24 21:45:25, 1, os;country, Linux, Mozilla/5.0 (X11; Linux i686; rv:10.0) Gecko/20100101 Firefox/10.0,  
101.4.60.63, CN, 2020-01-24 22:06:39, 1, country, Android, Mozilla/5.0 (Linux; Android 6.0; Nexus 5 Build/MRA58N) AppleWebKit/537.36 (KHTML  like Gecko) Chrome/75.0.3770.142 Mobile Safari/537.36,  
42.236.10.125, CN, 2020-01-25 02:29:21, 1, country, Android, Mozilla/5.0 (Linux; U; Android 8.1.0; zh-CN; EML-AL00 Build/HUAWEIEML-AL00) AppleWebKit/537.36 (KHTML  like Gecko) Version/4.0 Chrome/57.0.2987.108 baidu.sogo.uc.UCBrowser/11.9.4.974 UWS/2.13.1.48 Mobile Safari/537.36 AliApp(DingTalk/4.5.11) com.alibaba.android.rimet/10487439 Channel/227200 language/zh-CN,  
42.236.10.114, CN, 2020-01-25 02:29:21, 1, country, Android, Mozilla/5.0 (Linux; U; Android 8.1.0; zh-CN; EML-AL00 Build/HUAWEIEML-AL00) AppleWebKit/537.36 (KHTML  like Gecko) Version/4.0 Chrome/57.0.2987.108 baidu.sogo.uc.UCBrowser/11.9.4.974 UWS/2.13.1.48 Mobile Safari/537.36 AliApp(DingTalk/4.5.11) com.alibaba.android.rimet/10487439 Channel/227200 language/zh-CN,  
38.145.88.157, US, 2020-01-25 03:04:34, 1, country, iOS, Mozilla/5.0 (iPhone; CPU iPhone OS 13_1 like Mac OS X) AppleWebKit/605.1.15 (KHTML  like Gecko) Version/13.0.1 Mobile/15E148 Safari/604.1,  
181.214.187.82, US, 2020-01-25 03:15:07, 1, country, iOS, Mozilla/5.0 (iPhone; CPU iPhone OS 13_1 like Mac OS X) AppleWebKit/605.1.15 (KHTML  like Gecko) Version/13.0.1 Mobile/15E148 Safari/604.1,  
34.240.101.76, IE, 2020-01-25 03:22:08, 1, os;country, Linux, Mozilla/5.0 (X11; Linux x86_64) AppleWebKit/602.1 (KHTML  like Gecko) splash Version/10.0 Safari/602.1,  
114.125.81.87, ID, 2020-01-25 06:18:16, 1, country, Android, Mozilla/5.0 (Linux; Android 7.1.2; Redmi 4A Build/N2G47H; wv) AppleWebKit/537.36 (KHTML  like Gecko) Version/4.0 Chrome/77.0.3865.116 Mobile Safari/537.36 [FB_IAB/FB4A;FBAV/253.0.0.28.116;],  
35.230.49.100, US, 2020-01-25 10:23:27, 1, country, Windows, Mozilla/5.0 (Windows NT 10.0; Win64; x64; rv:57.0) Gecko/20100101 Firefox/57.0,  
69.160.160.137, US, 2020-01-25 12:07:40, 1, os;country, OS X, Mozilla/5.0 (Macintosh; Intel Mac OS X 10_12_1) AppleWebKit/537.36 (KHTML  like Gecko) Chrome/58.0.3029.110 Safari/537.36,  
69.160.160.137, US, 2020-01-25 12:07:41, 1, os;country, unknown, Mozilla,  
221.229.218.152, CN, 2020-01-25 16:33:33, 1, country, iOS, Mozilla/5.0 (iPhone; CPU iPhone OS 10_3 like Mac OS X) AppleWebKit/602.1.50 (KHTML,  
221.229.218.152, CN, 2020-01-25 16:33:33, 1, country, iOS, Mozilla/5.0 (iPhone; CPU iPhone OS 10_3 like Mac OS X) AppleWebKit/602.1.50 (KHTML,  
93.63.162.100, IT, 2020-01-26 11:06:11, 1, country, Windows, Mozilla/5.0 (Windows NT 10.0; Win64; x64) AppleWebKit/537.36 (KHTML  like Gecko) Chrome/74.0.3729.169 Safari/537.36,  
93.63.162.100, IT, 2020-01-26 11:06:11, 1, os;country, unknown, ,  
93.63.162.100, IT, 2020-01-26 11:06:11, 1, country, Windows, Mozilla/5.0 (Windows NT 10.0; Win64; x64) AppleWebKit/537.36 (KHTML  like Gecko) Chrome/74.0.3729.169 Safari/537.36,  
40.76.35.32, US, 2020-01-26 16:43:40, 1, country, Windows, Mozilla/5.0 (Windows NT 6.1; WOW64) AppleWebKit/534.24 (KHTML  like Gecko) Chrome/11.0.696.71 Safari/534.24,  
40.76.35.32, US, 2020-01-26 16:44:01, 1, country, Windows, Mozilla/5.0 (Windows NT 6.1; WOW64) AppleWebKit/534.24 (KHTML  like Gecko) Chrome/11.0.696.71 Safari/534.24,  
171.13.14.61, CN, 2020-01-26 22:59:09, 1, country, Android, Mozilla/5.0 (Linux; Android 8.0; Pixel 2 Build/OPD3.170816.012) AppleWebKit/537.36 (KHTML  like Gecko) Chrome/75.0.3765.0 Mobile Safari/537.36,  
121.36.137.19, CN, 2020-01-27 00:14:38, 1, country, Windows, Mozilla/5.0 (Windows NT 10.0; WOW64; rv:49.0) Gecko/20100101 Firefox/49.0,  
121.36.137.19, CN, 2020-01-27 00:50:25, 1, country, Windows, Mozilla/5.0 (Windows NT 10.0; WOW64; rv:49.0) Gecko/20100101 Firefox/49.0,  
121.36.137.19, CN, 2020-01-27 01:35:22, 1, country, Windows, Mozilla/5.0 (Windows NT 10.0; WOW64; rv:49.0) Gecko/20100101 Firefox/49.0,  
34.219.123.24, US, 2020-01-27 06:24:46, 1, os;country, OS X, Mozilla/5.0 (Macintosh; PPC Mac OS X 10.8; rv:53.0) Gecko/20100101 Firefox/53.0,  
34.215.185.169, US, 2020-01-27 06:43:29, 1, os;country, unknown, ,  
54.188.69.230, US, 2020-01-27 06:52:53, 1, os;country, unknown, ,  
89.108.88.240, RU, 2020-01-27 13:28:07, 1, country, Windows, Opera/9.01 (Windows NT 5.1; U; en),  
141.8.183.50, RU, 2020-01-27 14:39:47, 1, ua;os;country, unknown, Mozilla/5.0 (compatible; YandexBot/3.0; +http://yandex.com/bots),  
46.56.237.149, BY, 2020-01-27 17:14:57, 1, country, Windows, Mozilla/5.0 (Windows NT 10.0; Win64; x64) AppleWebKit/537.36 (KHTML  like Gecko) Chrome/79.0.3945.130 Safari/537.36,  
46.56.237.149, BY, 2020-01-27 17:15:01, 1, country, Windows, Mozilla/5.0 (Windows NT 10.0; Win64; x64) AppleWebKit/537.36 (KHTML  like Gecko) Chrome/79.0.3945.130 Safari/537.36,  
89.46.103.172, RO, 2020-01-27 17:16:05, 0, , Windows, Mozilla/5.0 (Windows NT 10.0; Win64; x64) AppleWebKit/537.36 (KHTML  like Gecko) Chrome/79.0.3945.130 Safari/537.36,  
89.46.103.172, RO, 2020-01-27 17:16:19, 0, , Windows, Mozilla/5.0 (Windows NT 10.0; Win64; x64) AppleWebKit/537.36 (KHTML  like Gecko) Chrome/79.0.3945.130 Safari/537.36,  
46.56.237.149, BY, 2020-01-27 17:21:36, 1, country, Windows, Mozilla/5.0 (Windows NT 10.0; Win64; x64) AppleWebKit/537.36 (KHTML  like Gecko) Chrome/79.0.3945.130 Safari/537.36,  
86.105.9.94, RO, 2020-01-27 17:23:23, 0, , Windows, Mozilla/5.0 (Windows NT 10.0; Win64; x64) AppleWebKit/537.36 (KHTML  like Gecko) Chrome/79.0.3945.130 Safari/537.36,  
86.105.9.94, RO, 2020-01-27 17:23:41, 0, , Windows, Mozilla/5.0 (Windows NT 10.0; Win64; x64) AppleWebKit/537.36 (KHTML  like Gecko) Chrome/79.0.3945.130 Safari/537.36,  
86.105.9.94, RO, 2020-01-27 17:25:06, 0, , Windows, Mozilla/5.0 (Windows NT 10.0; Win64; x64) AppleWebKit/537.36 (KHTML  like Gecko) Chrome/79.0.3945.130 Safari/537.36,  
86.105.9.94, RO, 2020-01-27 17:25:11, 0, , Windows, Mozilla/5.0 (Windows NT 10.0; Win64; x64) AppleWebKit/537.36 (KHTML  like Gecko) Chrome/79.0.3945.130 Safari/537.36,  
86.105.9.94, RO, 2020-01-27 17:26:10, 0, , Windows, Mozilla/5.0 (Windows NT 10.0; Win64; x64) AppleWebKit/537.36 (KHTML  like Gecko) Chrome/79.0.3945.130 Safari/537.36,  
46.56.239.28, BY, 2020-01-27 23:28:21, 1, country, Windows, Mozilla/5.0 (Windows NT 10.0; Win64; x64) AppleWebKit/537.36 (KHTML  like Gecko) Chrome/79.0.3945.130 Safari/537.36,  
66.249.64.252, US, 2020-01-28 00:54:43, 1, os;country, unknown, Mozilla/5.0 (compatible; Googlebot/2.1; +http://www.google.com/bot.html),  
66.249.64.252, US, 2020-01-28 07:32:19, 1, country, Android, Mozilla/5.0 (Linux; Android 6.0.1; Nexus 5X Build/MMB29P) AppleWebKit/537.36 (KHTML  like Gecko) Chrome/41.0.2272.96 Mobile Safari/537.36 (compatible; Googlebot/2.1; +http://www.google.com/bot.html),  
69.58.178.58, US, 2020-01-28 11:44:37, 1, os;country, unknown, Mozilla/5.0 (compatible; ips-agent),  
141.8.188.56, RU, 2020-01-28 12:44:56, 1, ua;os;country, unknown, Mozilla/5.0 (compatible; YandexBot/3.0; +http://yandex.com/bots),  
42.236.10.78, CN, 2020-01-28 13:58:05, 1, country, Android, Mozilla/5.0 (Linux; U; Android 8.1.0; zh-CN; EML-AL00 Build/HUAWEIEML-AL00) AppleWebKit/537.36 (KHTML  like Gecko) Version/4.0 Chrome/57.0.2987.108 baidu.sogo.uc.UCBrowser/11.9.4.974 UWS/2.13.1.48 Mobile Safari/537.36 AliApp(DingTalk/4.5.11) com.alibaba.android.rimet/10487439 Channel/227200 language/zh-CN,  
180.163.220.3, CN, 2020-01-28 13:58:49, 1, country, Android, Mozilla/5.0 (Linux; U; Android 8.1.0; zh-CN; EML-AL00 Build/HUAWEIEML-AL00) AppleWebKit/537.36 (KHTML  like Gecko) Version/4.0 Chrome/57.0.2987.108 baidu.sogo.uc.UCBrowser/11.9.4.974 UWS/2.13.1.48 Mobile Safari/537.36 AliApp(DingTalk/4.5.11) com.alibaba.android.rimet/10487439 Channel/227200 language/zh-CN,  
66.249.64.250, US, 2020-01-28 18:58:05, 1, country;ip, Android, Mozilla/5.0 (Linux; Android 6.0.1; Nexus 5X Build/MMB29P) AppleWebKit/537.36 (KHTML  like Gecko) Chrome/41.0.2272.96 Mobile Safari/537.36 (compatible; Googlebot/2.1; +http://www.google.com/bot.html),  
66.249.64.248, US, 2020-01-29 04:03:35, 1, country, Android, Mozilla/5.0 (Linux; Android 6.0.1; Nexus 5X Build/MMB29P) AppleWebKit/537.36 (KHTML  like Gecko) Chrome/41.0.2272.96 Mobile Safari/537.36 (compatible; Googlebot/2.1; +http://www.google.com/bot.html),  
165.227.252.43, US, 2020-01-29 04:44:44, 1, os;country, OS X, Mozilla/5.0 (Macintosh; Intel Mac OS X 10_14_3) AppleWebKit/537.36 (KHTML  like Gecko) Chrome/72.0.3626.121 Safari/537.36,  
213.180.203.77, RU, 2020-01-29 10:36:33, 1, ua;os;country, unknown, Mozilla/5.0 (compatible; YandexBot/3.0; +http://yandex.com/bots),  
66.249.64.248, US, 2020-01-29 12:52:52, 1, country, Android, Mozilla/5.0 (Linux; Android 6.0.1; Nexus 5X Build/MMB29P) AppleWebKit/537.36 (KHTML  like Gecko) Chrome/41.0.2272.96 Mobile Safari/537.36 (compatible; Googlebot/2.1; +http://www.google.com/bot.html),  
66.249.64.250, US, 2020-01-29 13:15:34, 1, os;country;ip, unknown, Mozilla/5.0 (compatible; Googlebot/2.1; +http://www.google.com/bot.html),  
40.76.35.32, US, 2020-01-29 16:59:29, 1, country, Windows, Mozilla/5.0 (Windows NT 6.1; WOW64) AppleWebKit/534.24 (KHTML  like Gecko) Chrome/11.0.696.71 Safari/534.24,  
54.38.235.1, FR, 2020-01-29 17:51:08, 1, country, Windows, Mozilla/5.0 (Windows NT 6.1; WOW64) AppleWebKit/537.36 (KHTML  like Gecko) Chrome/31.0.1650.57 Safari/537.36,  
40.76.35.32, US, 2020-01-29 19:35:28, 1, country, Windows, Mozilla/5.0 (Windows NT 6.1; WOW64) AppleWebKit/534.24 (KHTML  like Gecko) Chrome/11.0.696.71 Safari/534.24,  
66.249.64.248, US, 2020-01-29 21:58:39, 1, country, Android, Mozilla/5.0 (Linux; Android 6.0.1; Nexus 5X Build/MMB29P) AppleWebKit/537.36 (KHTML  like Gecko) Chrome/41.0.2272.96 Mobile Safari/537.36 (compatible; Googlebot/2.1; +http://www.google.com/bot.html),  
66.249.64.248, US, 2020-01-29 22:04:44, 1, os;country, unknown, Mozilla/5.0 (compatible; Googlebot/2.1; +http://www.google.com/bot.html),  
95.108.213.39, RU, 2020-01-30 00:40:37, 1, ua;os;country, unknown, Mozilla/5.0 (compatible; YandexBot/3.0; +http://yandex.com/bots),  
66.249.64.250, US, 2020-01-30 07:05:25, 1, country;ip, Android, Mozilla/5.0 (Linux; Android 6.0.1; Nexus 5X Build/MMB29P) AppleWebKit/537.36 (KHTML  like Gecko) Chrome/41.0.2272.96 Mobile Safari/537.36 (compatible; Googlebot/2.1; +http://www.google.com/bot.html),  
66.249.64.248, US, 2020-01-30 07:07:15, 1, os;country, unknown, Mozilla/5.0 (compatible; Googlebot/2.1; +http://www.google.com/bot.html),  
208.80.194.41, US, 2020-01-30 13:02:28, 1, country, Windows, Mozilla/4.0 (compatible; MSIE 6.0; Windows NT 5.1; SV1; .NET CLR 1.1.4322; .NET CLR 2.0.50728),  
46.56.235.248, BY, 2020-01-30 15:55:33, 1, country, Windows, Mozilla/5.0 (Windows NT 10.0; Win64; x64) AppleWebKit/537.36 (KHTML  like Gecko) Chrome/79.0.3945.130 Safari/537.36,  
66.249.64.248, US, 2020-01-30 16:04:38, 1, country, Android, Mozilla/5.0 (Linux; Android 6.0.1; Nexus 5X Build/MMB29P) AppleWebKit/537.36 (KHTML  like Gecko) Chrome/41.0.2272.96 Mobile Safari/537.36 (compatible; Googlebot/2.1; +http://www.google.com/bot.html),  
66.249.64.252, US, 2020-01-30 16:05:49, 1, os;country, unknown, Mozilla/5.0 (compatible; Googlebot/2.1; +http://www.google.com/bot.html),  
192.157.239.218, US, 2020-01-30 16:06:38, 1, country, Windows, Mozilla/5.0 (Windows NT 6.1; Win64; x64; rv:55.0) Gecko/20100101 Firefox/55.0,  
167.172.243.136, GB, 2020-01-30 20:02:41, 1, os;country, unknown, Mozilla/5.0 (compatible; NetcraftSurveyAgent/1.0; +info@netcraft.com),  
66.249.64.250, US, 2020-01-31 00:58:02, 1, country;ip, Android, Mozilla/5.0 (Linux; Android 6.0.1; Nexus 5X Build/MMB29P) AppleWebKit/537.36 (KHTML  like Gecko) Chrome/41.0.2272.96 Mobile Safari/537.36 (compatible; Googlebot/2.1; +http://www.google.com/bot.html),  
66.249.64.252, US, 2020-01-31 01:05:25, 1, os;country, unknown, Mozilla/5.0 (compatible; Googlebot/2.1; +http://www.google.com/bot.html),  
66.249.64.250, US, 2020-01-31 03:03:47, 1, os;country;ip, unknown, Mozilla/5.0 (compatible; Googlebot/2.1; +http://www.google.com/bot.html),  
66.249.64.250, US, 2020-01-31 09:59:38, 1, country;ip, Android, Mozilla/5.0 (Linux; Android 6.0.1; Nexus 5X Build/MMB29P) AppleWebKit/537.36 (KHTML  like Gecko) Chrome/41.0.2272.96 Mobile Safari/537.36 (compatible; Googlebot/2.1; +http://www.google.com/bot.html),  
66.249.64.248, US, 2020-01-31 18:55:45, 1, country, Android, Mozilla/5.0 (Linux; Android 6.0.1; Nexus 5X Build/MMB29P) AppleWebKit/537.36 (KHTML  like Gecko) Chrome/41.0.2272.96 Mobile Safari/537.36 (compatible; Googlebot/2.1; +http://www.google.com/bot.html),  
65.154.226.220, US, 2020-02-01 00:37:37, 1, country, Windows, Mozilla/5.0 (Windows NT 6.1; Win64; x64) AppleWebKit/537.36 (KHTML  like Gecko) Chrome/68.0.3440.106 Safari/537.36,  
65.154.226.220, US, 2020-02-01 00:37:48, 1, os;country, Linux, Mozilla/5.0 (X11; Linux x86_64) AppleWebKit/537.36 (KHTML  like Gecko) HeadlessChrome/78.0.3904.70 Safari/537.36,  
66.249.64.250, US, 2020-02-01 03:59:55, 1, country;ip, Android, Mozilla/5.0 (Linux; Android 6.0.1; Nexus 5X Build/MMB29P) AppleWebKit/537.36 (KHTML  like Gecko) Chrome/41.0.2272.96 Mobile Safari/537.36 (compatible; Googlebot/2.1; +http://www.google.com/bot.html),  
134.209.46.68, US, 2020-02-01 07:36:03, 1, os;country, unknown, python-requests/2.22.0,  
179.43.169.182, CH, 2020-02-01 07:36:17, 1, os;country, Linux, Mozilla/5.0 (X11; Linux i686; rv:10.0) Gecko/20100101 Firefox/10.0,  
38.145.95.178, US, 2020-02-01 08:43:05, 1, country, iOS, Mozilla/5.0 (iPhone; CPU iPhone OS 10_3_1 like Mac OS X) AppleWebKit/603.1.30 (KHTML  like Gecko) Version/10.0 Mobile/14E304 Safari/602.1,  
89.238.167.46, GB, 2020-02-01 10:22:16, 1, country, Windows, Mozilla/5.0 (Windows NT 10.0; Win64; x64) AppleWebKit/537.36 (KHTML  like Gecko) Chrome/65.0.3325.181 Safari/537.36,  
66.249.64.252, US, 2020-02-01 13:34:09, 1, country, Android, Mozilla/5.0 (Linux; Android 6.0.1; Nexus 5X Build/MMB29P) AppleWebKit/537.36 (KHTML  like Gecko) Chrome/41.0.2272.96 Mobile Safari/537.36 (compatible; Googlebot/2.1; +http://www.google.com/bot.html),  
141.8.188.1, RU, 2020-02-01 19:16:12, 1, ua;os;country, unknown, Mozilla/5.0 (compatible; YandexBot/3.0; +http://yandex.com/bots),  
66.249.64.250, US, 2020-02-01 21:59:42, 1, country;ip, Android, Mozilla/5.0 (Linux; Android 6.0.1; Nexus 5X Build/MMB29P) AppleWebKit/537.36 (KHTML  like Gecko) Chrome/41.0.2272.96 Mobile Safari/537.36 (compatible; Googlebot/2.1; +http://www.google.com/bot.html),  
66.249.64.252, US, 2020-02-02 09:15:56, 1, country, Android, Mozilla/5.0 (Linux; Android 6.0.1; Nexus 5X Build/MMB29P) AppleWebKit/537.36 (KHTML  like Gecko) Chrome/41.0.2272.96 Mobile Safari/537.36 (compatible; Googlebot/2.1; +http://www.google.com/bot.html),  
141.8.183.50, RU, 2020-02-02 16:09:42, 1, ua;os;country, unknown, Mozilla/5.0 (compatible; YandexBot/3.0; +http://yandex.com/bots),  
141.8.188.32, RU, 2020-02-02 16:09:42, 1, ua;os;country, unknown, Mozilla/5.0 (compatible; YandexBot/3.0; +http://yandex.com/bots),  
66.249.64.250, US, 2020-02-03 00:54:46, 1, os;country;ip, unknown, Mozilla/5.0 (compatible; Googlebot/2.1; +http://www.google.com/bot.html),  
66.249.64.252, US, 2020-02-04 01:34:21, 1, country, Android, Mozilla/5.0 (Linux; Android 6.0.1; Nexus 5X Build/MMB29P) AppleWebKit/537.36 (KHTML  like Gecko) Chrome/41.0.2272.96 Mobile Safari/537.36 (compatible; Googlebot/2.1; +http://www.google.com/bot.html),  
66.249.64.248, US, 2020-02-04 12:24:36, 1, country, Android, Mozilla/5.0 (Linux; Android 6.0.1; Nexus 5X Build/MMB29P) AppleWebKit/537.36 (KHTML  like Gecko) Chrome/41.0.2272.96 Mobile Safari/537.36 (compatible; Googlebot/2.1; +http://www.google.com/bot.html),  
40.76.35.32, US, 2020-02-04 17:20:27, 1, country, Windows, Mozilla/5.0 (Windows NT 6.1; WOW64) AppleWebKit/534.24 (KHTML  like Gecko) Chrome/11.0.696.71 Safari/534.24,  
40.76.35.32, US, 2020-02-04 18:42:12, 1, country, Windows, Mozilla/5.0 (Windows NT 6.1; WOW64) AppleWebKit/534.24 (KHTML  like Gecko) Chrome/11.0.696.71 Safari/534.24,  
34.239.253.16, US, 2020-02-05 00:19:08, 1, country, Windows, Mozilla/5.0 (Windows NT 10.0; Win64; x64) AppleWebKit/537.36 (KHTML  like Gecko; compatible; BuiltWith/1.0; +http://builtwith.com/biup) Chrome/74.0.3729.131 Safari/537.36,  
95.108.181.82, RU, 2020-02-05 01:45:09, 1, ua;os;country, unknown, Mozilla/5.0 (compatible; YandexBot/3.0; +http://yandex.com/bots),  
37.9.113.188, RU, 2020-02-05 01:45:09, 1, ua;os;country, unknown, Mozilla/5.0 (compatible; YandexBot/3.0; +http://yandex.com/bots),  
37.9.113.189, RU, 2020-02-05 01:45:09, 1, ua;os;country, unknown, Mozilla/5.0 (compatible; YandexBot/3.0; +http://yandex.com/bots),  
66.249.64.217, US, 2020-02-06 00:54:48, 1, os;country, unknown, Mozilla/5.0 (compatible; Googlebot/2.1; +http://www.google.com/bot.html),  
188.163.104.152, UA, 2020-02-06 08:02:13, 1, country, Windows, Mozilla/5.0 (Windows NT 6.1; WOW64) AppleWebKit/537.36 (KHTML  like Gecko) Chrome/31.0.1650.57 Safari/537.36,  
208.80.194.42, US, 2020-02-06 15:23:54, 1, country, Windows, Mozilla/4.0 (compatible; MSIE 6.0; Windows NT 5.1; SV1; .NET CLR 1.1.4322; .NET CLR 2.0.50728),  
192.3.17.42, US, 2020-02-06 16:26:53, 1, country, Windows, Mozilla/5.0 (Windows NT 6.1; Win64; x64; rv:55.0) Gecko/20100101 Firefox/55.0,  
138.246.253.5, DE, 2020-02-06 23:42:38, 1, country, Windows, Mozilla/5.0 (Windows NT 6.1; Win64; x64) AppleWebKit/537.36 (KHTML  like Gecko) Chrome/40.0.2214.85 Safari/537.36,  
52.211.167.97, IE, 2020-02-07 03:59:56, 1, os;country, unknown, Pandalytics/1.0 (https://domainsbot.com/pandalytics/),  
66.249.64.252, US, 2020-02-07 10:58:44, 1, os;country, unknown, Mozilla/5.0 (compatible; Googlebot/2.1; +http://www.google.com/bot.html),  
66.249.64.250, US, 2020-02-08 04:19:58, 1, country;ip, Android, Mozilla/5.0 (Linux; Android 6.0.1; Nexus 5X Build/MMB29P) AppleWebKit/537.36 (KHTML  like Gecko) Chrome/41.0.2272.96 Mobile Safari/537.36 (compatible; Googlebot/2.1; +http://www.google.com/bot.html),  
66.249.64.252, US, 2020-02-08 15:52:29, 1, country, Android, Mozilla/5.0 (Linux; Android 6.0.1; Nexus 5X Build/MMB29P) AppleWebKit/537.36 (KHTML  like Gecko) Chrome/41.0.2272.96 Mobile Safari/537.36 (compatible; Googlebot/2.1; +http://www.google.com/bot.html),  
213.159.213.137, RU, 2020-02-08 18:49:53, 1, os;country, unknown, Internet-structure-research-project-bot,  
66.249.64.248, US, 2020-02-09 00:54:49, 1, os;country, unknown, Mozilla/5.0 (compatible; Googlebot/2.1; +http://www.google.com/bot.html),  
141.8.183.62, RU, 2020-02-10 04:48:13, 1, ua;os;country, unknown, Mozilla/5.0 (compatible; YandexBot/3.0; +http://yandex.com/bots),  
64.246.165.140, US, 2020-02-10 12:49:54, 1, os;country, OS X, Mozilla/5.0 (Macintosh; Intel Mac OS X 10.10; rv:59.0) Gecko/20100101 Firefox/59.0,  
185.203.152.130, BY, 2020-02-10 21:06:03, 1, country, Windows, Mozilla/5.0 (Windows NT 10.0; Win64; x64) AppleWebKit/537.36 (KHTML  like Gecko) Chrome/80.0.3987.87 Safari/537.36,  
185.203.152.130, BY, 2020-02-10 21:14:54, 1, country, Windows, Mozilla/5.0 (Windows NT 10.0; Win64; x64) AppleWebKit/537.36 (KHTML  like Gecko) Chrome/80.0.3987.87 Safari/537.36,  
